paper_id	ontology_name	ontology_id	evidence_quote	title	authors	journal_or_source	pub_year	doi
PMC11492021	neuron	CL:0000540	LRRK2 is lowly expressed in neurons and prominently expressed in non-neuronal cells in the brain.	How Parkinson’s Disease-Linked LRRK2 Mutations Affect Different CNS Cell Types	Hannah M. Bailey, Mark R. Cookson	Journal of Parkinson's Disease	2024	10.3233/JPD-230432
PMC11492021	astrocyte	CL:0000127	In contrast, in mice, LRRK2 expression is greater in astrocytes compared to microglia.	How Parkinson’s Disease-Linked LRRK2 Mutations Affect Different CNS Cell Types	Hannah M. Bailey, Mark R. Cookson	Journal of Parkinson's Disease	2024	10.3233/JPD-230432
PMC11492021	microglial cell	CL:0000129	In the human cortex and SNpc, LRRK2 mRNA expression is greater in microglia, excitatory neurons, and oligodendrocyte precursor cells than other cell types.	How Parkinson’s Disease-Linked LRRK2 Mutations Affect Different CNS Cell Types	Hannah M. Bailey, Mark R. Cookson	Journal of Parkinson's Disease	2024	10.3233/JPD-230432
PMC11492021	mouse embryonic fibroblast	CLO:0000566	For example, one study showed reduced lysosomal degradation, slower clearance of α-synuclein, and abnormal lysosomal clustering in the perinuclear region of mouse embryonic fibroblasts	How Parkinson’s Disease-Linked LRRK2 Mutations Affect Different CNS Cell Types	Hannah M. Bailey, Mark R. Cookson	Journal of Parkinson's Disease	2024	10.3233/JPD-230432
PMC11492021	SH-SY5Y	CLO:0001905	Wang et al. demonstrated that LRRK2 alters mitochondrial dynamics in SH-SY5Y neuroblastoma cells and neurons	How Parkinson’s Disease-Linked LRRK2 Mutations Affect Different CNS Cell Types	Hannah M. Bailey, Mark R. Cookson	Journal of Parkinson's Disease	2024	10.3233/JPD-230432
PMC11492021	HEK293T	CLO:0000555	In HEK293T cells, expression of pathogenic LRRK2 mutations (p.R1441C, p.Y1699C, p.G2019S, or p.I2020T) led to the sequestration of phosphorylated Rab8 at lysosomes	How Parkinson’s Disease-Linked LRRK2 Mutations Affect Different CNS Cell Types	Hannah M. Bailey, Mark R. Cookson	Journal of Parkinson's Disease	2024	10.3233/JPD-230432
PMC11492021	BV2	CLO:0000523	LRRK2 knockdown BV2 microglia-like cells were faster, more mobile, and had denser actin structure than WT cells	How Parkinson’s Disease-Linked LRRK2 Mutations Affect Different CNS Cell Types	Hannah M. Bailey, Mark R. Cookson	Journal of Parkinson's Disease	2024	10.3233/JPD-230432
bio_22d0f3497091	HEK293FT cell	CLO_0000282	We used cryo-CLEM to study how cellular localization of GFP-tagged hyperactive LRRK2 IT expressed in 293T cells is affected by treatment with either type I (MLi-2) or type II (GZD-824) inhibitors	In-cell cryo-electron tomography reveals differential effects of type I and type II kinase inhibitors on LRRK2 filament formation and microtubule association	Tamar Basiashvili, Joshua Hutchings, Siyu Chen, Eva P. Karasmanis, W. Alexander Flaherty, Andres E. Leschziner *, Elizabeth Villa *	biorxiv		10.64898/2025.12.18.694444
PMC3805556	PC12 cell	CLO:0000230	The PC12-TET-ON cell line (Clontech Laboratories Inc) was cultivated in DMEM-F12 supplemented with 10% Tetracycline-free FCS (Lonza) at 37°C.	LRRK2 Affects Vesicle Trafficking, Neurotransmitter Extracellular Level and Membrane Receptor Localization	Rossana Migheli, Maria Grazia Del Giudice, Ylenia Spissu, Giovanna Sanna, Yulan Xiong, Ted M. Dawson, Valina L. Dawson, Manuela Galioto, Gaia Rocchitta, Alice Biosa, Pier Andrea Serra, Maria Teresa Carri, Claudia Crosio, Ciro Iaccarino	PLoS ONE	2013	10.1371/journal.pone.0077198
PMC3805556	SH-SY5Y cell	CLO:0005018	Human neuroblastoma SH-SY5Y cells (ATCC number CRL-2266) were grown in DMEM-F12 (Invitrogen), 10% fetal calf serum (FCS, Invitrogen) at 37°C.	LRRK2 Affects Vesicle Trafficking, Neurotransmitter Extracellular Level and Membrane Receptor Localization	Rossana Migheli, Maria Grazia Del Giudice, Ylenia Spissu, Giovanna Sanna, Yulan Xiong, Ted M. Dawson, Valina L. Dawson, Manuela Galioto, Gaia Rocchitta, Alice Biosa, Pier Andrea Serra, Maria Teresa Carri, Claudia Crosio, Ciro Iaccarino	PLoS ONE	2013	10.1371/journal.pone.0077198
PMC3805556	HEK293 cell	CLO:0000625	Briefly, SH-SY5Y or HEK293 cells or striatum were homogenized in ice-cold homogenization-buffer	LRRK2 Affects Vesicle Trafficking, Neurotransmitter Extracellular Level and Membrane Receptor Localization	Rossana Migheli, Maria Grazia Del Giudice, Ylenia Spissu, Giovanna Sanna, Yulan Xiong, Ted M. Dawson, Valina L. Dawson, Manuela Galioto, Gaia Rocchitta, Alice Biosa, Pier Andrea Serra, Maria Teresa Carri, Claudia Crosio, Ciro Iaccarino	PLoS ONE	2013	10.1371/journal.pone.0077198
PMC3124520	B cell	CL:0000236	LRRK2 mRNA and protein was found in circulating CD19 + B cells	Regulation of LRRK2 Expression Points to a Functional Role in Human Monocyte Maturation	Jonathan Thévenet, Rosanna Pescini Gobert, Robertus Hooft van Huijsduijnen, Christoph Wiessner, Yves Jean Sagot	PLoS ONE	2011	10.1371/journal.pone.0021519
PMC3124520	monocyte	CL:0000576	and in CD14 + monocytes, whereas CD4 + and CD8 + T cells were devoid of LRRK2 mRNA.	Regulation of LRRK2 Expression Points to a Functional Role in Human Monocyte Maturation	Jonathan Thévenet, Rosanna Pescini Gobert, Robertus Hooft van Huijsduijnen, Christoph Wiessner, Yves Jean Sagot	PLoS ONE	2011	10.1371/journal.pone.0021519
PMC3124520	T cell	CL:0000084	whereas CD4 + and CD8 + T cells were devoid of LRRK2 mRNA.	Regulation of LRRK2 Expression Points to a Functional Role in Human Monocyte Maturation	Jonathan Thévenet, Rosanna Pescini Gobert, Robertus Hooft van Huijsduijnen, Christoph Wiessner, Yves Jean Sagot	PLoS ONE	2011	10.1371/journal.pone.0021519
PMC3124520	dendritic cell	CL:0000451	High levels of LRRK2 protein were detected in both dendritic cells and macrophages	Regulation of LRRK2 Expression Points to a Functional Role in Human Monocyte Maturation	Jonathan Thévenet, Rosanna Pescini Gobert, Robertus Hooft van Huijsduijnen, Christoph Wiessner, Yves Jean Sagot	PLoS ONE	2011	10.1371/journal.pone.0021519
PMC3124520	macrophage	CL:0000235	High levels of LRRK2 protein were detected in both dendritic cells and macrophages	Regulation of LRRK2 Expression Points to a Functional Role in Human Monocyte Maturation	Jonathan Thévenet, Rosanna Pescini Gobert, Robertus Hooft van Huijsduijnen, Christoph Wiessner, Yves Jean Sagot	PLoS ONE	2011	10.1371/journal.pone.0021519
PMC3124520	THP-1 cell line	CLO:0000232	Gardet et al. , [29] also reported that IFN-γ could induce LRRK2 expression on hPBMC and THP-1 cells.	Regulation of LRRK2 Expression Points to a Functional Role in Human Monocyte Maturation	Jonathan Thévenet, Rosanna Pescini Gobert, Robertus Hooft van Huijsduijnen, Christoph Wiessner, Yves Jean Sagot	PLoS ONE	2011	10.1371/journal.pone.0021519
PMC9296523	peripheral blood mononuclear cell	CL:0000196	To gain insights into the impact of LRRK2 on GCase, we performed a comprehensive analysis of GCase levels and activity in complementary LRRK2 models, including (i) LRRK2 G2019S knock in (GSKI) mice, (ii) peripheral blood mononuclear cell (PBMCs), plasma, and fibroblasts from PD patients	LRRK2 kinase activity regulates GCase level and enzymatic activity differently depending on cell type in Parkinson’s disease	Maria Kedariti, Emanuele Frattini, Pascale Baden, Susanna Cogo, Laura Civiero, Elena Ziviani, Gianluca Zilio, Federico Bertoli, Massimo Aureli, Alice Kaganovich, Mark R. Cookson, Leonidas Stefanis, Matthew Surface, Michela Deleidi, Alessio Di Fonzo, Roy N. Alcalay, Hardy Rideout, Elisa Greggio, Nicoletta Plotegher	NPJ Parkinson's Disease	2022	10.1038/s41531-022-00354-3
PMC9296523	fibroblast	CL:0000057	To gain insights into the impact of LRRK2 on GCase, we performed a comprehensive analysis of GCase levels and activity in complementary LRRK2 models, including... (ii) peripheral blood mononuclear cell (PBMCs), plasma, and fibroblasts from PD patients carrying LRRK2 G2019S mutation	LRRK2 kinase activity regulates GCase level and enzymatic activity differently depending on cell type in Parkinson’s disease	Maria Kedariti, Emanuele Frattini, Pascale Baden, Susanna Cogo, Laura Civiero, Elena Ziviani, Gianluca Zilio, Federico Bertoli, Massimo Aureli, Alice Kaganovich, Mark R. Cookson, Leonidas Stefanis, Matthew Surface, Michela Deleidi, Alessio Di Fonzo, Roy N. Alcalay, Hardy Rideout, Elisa Greggio, Nicoletta Plotegher	NPJ Parkinson's Disease	2022	10.1038/s41531-022-00354-3
PMC9296523	dopaminergic neuron	CL:0000700	To gain insights into the impact of LRRK2 on GCase, we performed a comprehensive analysis of GCase levels and activity in complementary LRRK2 models, including... (iii) patient iPSCs-derived neurons	LRRK2 kinase activity regulates GCase level and enzymatic activity differently depending on cell type in Parkinson’s disease	Maria Kedariti, Emanuele Frattini, Pascale Baden, Susanna Cogo, Laura Civiero, Elena Ziviani, Gianluca Zilio, Federico Bertoli, Massimo Aureli, Alice Kaganovich, Mark R. Cookson, Leonidas Stefanis, Matthew Surface, Michela Deleidi, Alessio Di Fonzo, Roy N. Alcalay, Hardy Rideout, Elisa Greggio, Nicoletta Plotegher	NPJ Parkinson's Disease	2022	10.1038/s41531-022-00354-3
PMC9296523	HEK293T	CLO:0000135	To gain insights into the impact of LRRK2 on GCase, we performed a comprehensive analysis of GCase levels and activity in complementary LRRK2 models, including... (iv) endogenous and overexpressed cell models.	LRRK2 kinase activity regulates GCase level and enzymatic activity differently depending on cell type in Parkinson’s disease	Maria Kedariti, Emanuele Frattini, Pascale Baden, Susanna Cogo, Laura Civiero, Elena Ziviani, Gianluca Zilio, Federico Bertoli, Massimo Aureli, Alice Kaganovich, Mark R. Cookson, Leonidas Stefanis, Matthew Surface, Michela Deleidi, Alessio Di Fonzo, Roy N. Alcalay, Hardy Rideout, Elisa Greggio, Nicoletta Plotegher	NPJ Parkinson's Disease	2022	10.1038/s41531-022-00354-3
PMC9296523	macrophage	CL:0000235	To further complement and expand these findings, we took advantage of the macrophage cell model RAW264.7 where LRRK2 biology is well-characterized	LRRK2 kinase activity regulates GCase level and enzymatic activity differently depending on cell type in Parkinson’s disease	Maria Kedariti, Emanuele Frattini, Pascale Baden, Susanna Cogo, Laura Civiero, Elena Ziviani, Gianluca Zilio, Federico Bertoli, Massimo Aureli, Alice Kaganovich, Mark R. Cookson, Leonidas Stefanis, Matthew Surface, Michela Deleidi, Alessio Di Fonzo, Roy N. Alcalay, Hardy Rideout, Elisa Greggio, Nicoletta Plotegher	NPJ Parkinson's Disease	2022	10.1038/s41531-022-00354-3
bio_6a3b4b3f6c6d	microglial cell	CL:0000129	Primary mixed glial cultures were established from the brains of wild-type or from knock-in mice harbouring G2019S- LRRK2 mutation at postnatal days 1-2 (P1-2). After approximately 10 days, primary microglia were shaken from mixed glial cultures as described in Russo et al 15.	Differential LRRK2 signalling and gene expression in WT-LRRK2 and G2019S-LRRK2 mouse microglia treated with zymosan and MLi2	Iqra Nazish, Adamantios Mamais, Anna Mallach, Conceicao Bettencourt, Alice Kaganovich, Tom Warner, John Hardy, Patrick A. Lewis, Jennifer Pocock, Mark R Cookson, Rina Bandopadhyay *	biorxiv		10.1101/2023.09.14.557532
PMC12238589	macrophage	CL:0000235	Mouse bone marrow-derived macrophages (BMDMs) were cultured from WT-LRRK2 and G2019S-LRRK2 BAC mice that stably express LRRK2	LRRK2 interactions with microtubules are independent of LRRK2-mediated Rab phosphorylation	Tuyana Malankhanova, Zhiyong Liu, Enquan Xu, Nicole Bryant, Ki Woon Sung, Huizhong Li, Samuel Strader, Andrew B West	EMBO Reports	2025	10.1038/s44319-025-00486-6
PMC12238589	HEK293T	CLO:0000578	HEK293T cells were transfected with combinations of FKBP-WT-LRRK2 and FKBP-G2019S-LRRK2 (N-terminal tags) with mCherry-FRB, LAMP1-FRB, EMTB-FRB, and tubulin-FRB	LRRK2 interactions with microtubules are independent of LRRK2-mediated Rab phosphorylation	Tuyana Malankhanova, Zhiyong Liu, Enquan Xu, Nicole Bryant, Ki Woon Sung, Huizhong Li, Samuel Strader, Andrew B West	EMBO Reports	2025	10.1038/s44319-025-00486-6
PMC12238589	A549	CLO:0000625	To confirm the effects of nocodazole on pRab10 inhibition in human cells with high endogenous LRRK2 and Rab10 expression, the A549 lung cell line... were selected	LRRK2 interactions with microtubules are independent of LRRK2-mediated Rab phosphorylation	Tuyana Malankhanova, Zhiyong Liu, Enquan Xu, Nicole Bryant, Ki Woon Sung, Huizhong Li, Samuel Strader, Andrew B West	EMBO Reports	2025	10.1038/s44319-025-00486-6
PMC12238589	RAW 264.7	CLO:0000806	Lrrk2 knockout Raw 264.7 cells and HEK293T cells were cultured in DMEM supplemented with 10% fetal bovine serum and penicillin-streptomycin.	LRRK2 interactions with microtubules are independent of LRRK2-mediated Rab phosphorylation	Tuyana Malankhanova, Zhiyong Liu, Enquan Xu, Nicole Bryant, Ki Woon Sung, Huizhong Li, Samuel Strader, Andrew B West	EMBO Reports	2025	10.1038/s44319-025-00486-6
bio_af7a664e7803	naive CD4+ T cell	CL:0000895	Naïve CD4+ T cells isolated from splenocytes by the EasySep Mouse CD4+ T-cell Isolation Kit (#19852, STEMCELL Technologies, Vancouver, Canada) were used to evaluate the capability to differentiate	LRRK2  G2019S mutation suppresses differentiation of Th9 and Treg cells via JAK/STAT3	Ningbo Zheng, Roshni Jaffery, Ashley Guerrero, Jiakai Hou, Yuchen Pan, Fang Zhou, Si Chen, Chunyu Xu, Nicholas A. Egan, Ritu Bohat, Ken Chen, Michael A. Schwarzschild, Xiqun Chen *, Weiyi Peng *	biorxiv		10.1101/2024.02.28.582561
bio_af7a664e7803	Th1 cell	CL:0000545	T1 condition (Th1-polarized): MEMα medium supplemented with 10% FBS, 100U/ml of IL-2, 4 ng/ml of IL-12 (#210-12, PeproTech, East Windsor, NJ), and 10 μg/ml of anti-IL-4 mAb	LRRK2  G2019S mutation suppresses differentiation of Th9 and Treg cells via JAK/STAT3	Ningbo Zheng, Roshni Jaffery, Ashley Guerrero, Jiakai Hou, Yuchen Pan, Fang Zhou, Si Chen, Chunyu Xu, Nicholas A. Egan, Ritu Bohat, Ken Chen, Michael A. Schwarzschild, Xiqun Chen *, Weiyi Peng *	biorxiv		10.1101/2024.02.28.582561
bio_af7a664e7803	Th2 cell	CL:0000546	T2 condition (Th2-polarized): MEMα medium supplemented with 10% FBS, 100U/ml of IL-2, 10 ng/ml of IL-4 (#214-14, PeproTech), and 10 μg/ml of anti-IFN-γ mAb	LRRK2  G2019S mutation suppresses differentiation of Th9 and Treg cells via JAK/STAT3	Ningbo Zheng, Roshni Jaffery, Ashley Guerrero, Jiakai Hou, Yuchen Pan, Fang Zhou, Si Chen, Chunyu Xu, Nicholas A. Egan, Ritu Bohat, Ken Chen, Michael A. Schwarzschild, Xiqun Chen *, Weiyi Peng *	biorxiv		10.1101/2024.02.28.582561
bio_af7a664e7803	Th9 cell	CL:0000929	T9 condition (Th9-polarized): MEMα medium supplemented with 10% FBS, 100U/ml of IL-2, 10 ng/ml of IL-4, 1 ng/ml of TGF-β1 (#763104, BioLegend, San Diego, CA), 10 ng/ml of IL-1β	LRRK2  G2019S mutation suppresses differentiation of Th9 and Treg cells via JAK/STAT3	Ningbo Zheng, Roshni Jaffery, Ashley Guerrero, Jiakai Hou, Yuchen Pan, Fang Zhou, Si Chen, Chunyu Xu, Nicholas A. Egan, Ritu Bohat, Ken Chen, Michael A. Schwarzschild, Xiqun Chen *, Weiyi Peng *	biorxiv		10.1101/2024.02.28.582561
bio_af7a664e7803	regulatory T cell	CL:0000815	TR condition (Treg-polarized): MEMα medium supplemented with 10% FBS, 300U/ml of IL-2, 5 ng/ml of TGF-β1, 10 μg/ml of anti-IFN-γ mAb, 10 μg/ml of anti-IL-4 mAb.	LRRK2  G2019S mutation suppresses differentiation of Th9 and Treg cells via JAK/STAT3	Ningbo Zheng, Roshni Jaffery, Ashley Guerrero, Jiakai Hou, Yuchen Pan, Fang Zhou, Si Chen, Chunyu Xu, Nicholas A. Egan, Ritu Bohat, Ken Chen, Michael A. Schwarzschild, Xiqun Chen *, Weiyi Peng *	biorxiv		10.1101/2024.02.28.582561
bio_af7a664e7803	B cell	CL:0000236	Profiling of T and B cells was detected by flow cytometry analyses. Percentages of T cells (CD4+ and CD8+ T), B cells (CD4− CD19+)	LRRK2  G2019S mutation suppresses differentiation of Th9 and Treg cells via JAK/STAT3	Ningbo Zheng, Roshni Jaffery, Ashley Guerrero, Jiakai Hou, Yuchen Pan, Fang Zhou, Si Chen, Chunyu Xu, Nicholas A. Egan, Ritu Bohat, Ken Chen, Michael A. Schwarzschild, Xiqun Chen *, Weiyi Peng *	biorxiv		10.1101/2024.02.28.582561
bio_af7a664e7803	CD8-positive, alpha-beta T cell	CL:0000625	Profiling of T and B cells was detected by flow cytometry analyses. Percentages of T cells (CD4+ and CD8+ T)	LRRK2  G2019S mutation suppresses differentiation of Th9 and Treg cells via JAK/STAT3	Ningbo Zheng, Roshni Jaffery, Ashley Guerrero, Jiakai Hou, Yuchen Pan, Fang Zhou, Si Chen, Chunyu Xu, Nicholas A. Egan, Ritu Bohat, Ken Chen, Michael A. Schwarzschild, Xiqun Chen *, Weiyi Peng *	biorxiv		10.1101/2024.02.28.582561
bio_af7a664e7803	monocyte	CL:0000576	Although LRRK2 expression in T cells is relatively lower than in B cells and monocytes, T cells from PD patients display upregulated LRRK2 expression	LRRK2  G2019S mutation suppresses differentiation of Th9 and Treg cells via JAK/STAT3	Ningbo Zheng, Roshni Jaffery, Ashley Guerrero, Jiakai Hou, Yuchen Pan, Fang Zhou, Si Chen, Chunyu Xu, Nicholas A. Egan, Ritu Bohat, Ken Chen, Michael A. Schwarzschild, Xiqun Chen *, Weiyi Peng *	biorxiv		10.1101/2024.02.28.582561
PMC7560525	SH-SY5Y cell line	CLO:0000312	SH-SY5Y cells were maintained in DMEM (Thermofisher) medium supplemented with 15% heat-inactivated fetal calf serum (FCS, Thermofisher), 1% non-essential amino acids (Thermofisher) and 50 μg/ml gentamycin.	Pathogenic LRRK2 requires secondary factors to induce cellular toxicity	Evy Lobbestael, Chris Van den Haute, Francesca Macchi, Jean-Marc Taymans, Veerle Baekelandt	Bioscience Reports	2020	10.1042/BSR20202225
PMC7560525	medium spiny neuron	CL:0000679	Neurite length and neurite number of transduced medium spiny neurons (MSNs) were assessed until the quaternary branch.	Pathogenic LRRK2 requires secondary factors to induce cellular toxicity	Evy Lobbestael, Chris Van den Haute, Francesca Macchi, Jean-Marc Taymans, Veerle Baekelandt	Bioscience Reports	2020	10.1042/BSR20202225
bio_1e3cf8236f6f	microglial cell	CL:0000129	Recent data from primary human monocytes and mouse microglia cell line cultures (BV2 from C57BL/6 mice) have shown that rod-shaped α-synuclein fibrils induce pro-inflammatory responses	Pathologic α-Synuclein Species Activate LRRK2 in Pro-Inflammatory Monocyte and Macrophage Responses	Enquan Xu, Ravindra Boddu, Hisham A. Abdelmotilib, Kaela Kelly, Arpine Sokratian, Ashley S. Harms, Aubrey M. Schonhoff, Nicole Bryant, Irene E. Harmsen, Michael G. Schlossmacher, Sidhanth Chandra, Valentina Krendelshchikova, Zhiyong Liu, Andrew B. West *	biorxiv		10.1101/2020.05.04.077065
bio_1e3cf8236f6f	macrophage	CL:0000235	In CSF1-expanded (macrophage colony-stimulating factor, M-CSF) mouse bone marrow-derived primary macrophages, application of ∼642 pM in-solution of mouse α-synuclein rod fibril particles	Pathologic α-Synuclein Species Activate LRRK2 in Pro-Inflammatory Monocyte and Macrophage Responses	Enquan Xu, Ravindra Boddu, Hisham A. Abdelmotilib, Kaela Kelly, Arpine Sokratian, Ashley S. Harms, Aubrey M. Schonhoff, Nicole Bryant, Irene E. Harmsen, Michael G. Schlossmacher, Sidhanth Chandra, Valentina Krendelshchikova, Zhiyong Liu, Andrew B. West *	biorxiv		10.1101/2020.05.04.077065
bio_1e3cf8236f6f	monocyte	CL:0000576	In human CSF1-expanded monocyte-derived macrophages, application of 1 μg per mL of ∼20 nM rod-fibrils (∼642 pM) of human α-synuclein in-solution led to a similar induction of LRRK2 protein expression	Pathologic α-Synuclein Species Activate LRRK2 in Pro-Inflammatory Monocyte and Macrophage Responses	Enquan Xu, Ravindra Boddu, Hisham A. Abdelmotilib, Kaela Kelly, Arpine Sokratian, Ashley S. Harms, Aubrey M. Schonhoff, Nicole Bryant, Irene E. Harmsen, Michael G. Schlossmacher, Sidhanth Chandra, Valentina Krendelshchikova, Zhiyong Liu, Andrew B. West *	biorxiv		10.1101/2020.05.04.077065
bio_1e3cf8236f6f	BV-2 cell	CLO:0000049	Recent data from primary human monocytes and mouse microglia cell line cultures (BV2 from C57BL/6 mice) have shown that rod-shaped α-synuclein fibrils induce pro-inflammatory responses	Pathologic α-Synuclein Species Activate LRRK2 in Pro-Inflammatory Monocyte and Macrophage Responses	Enquan Xu, Ravindra Boddu, Hisham A. Abdelmotilib, Kaela Kelly, Arpine Sokratian, Ashley S. Harms, Aubrey M. Schonhoff, Nicole Bryant, Irene E. Harmsen, Michael G. Schlossmacher, Sidhanth Chandra, Valentina Krendelshchikova, Zhiyong Liu, Andrew B. West *	biorxiv		10.1101/2020.05.04.077065
bio_1e3cf8236f6f	HEK-293T cell	CLO:0000001	The R1441C-LRRK2 mutation results in ∼2-fold increases in phospho-Rab10 in transfected HEK-293T cells	Pathologic α-Synuclein Species Activate LRRK2 in Pro-Inflammatory Monocyte and Macrophage Responses	Enquan Xu, Ravindra Boddu, Hisham A. Abdelmotilib, Kaela Kelly, Arpine Sokratian, Ashley S. Harms, Aubrey M. Schonhoff, Nicole Bryant, Irene E. Harmsen, Michael G. Schlossmacher, Sidhanth Chandra, Valentina Krendelshchikova, Zhiyong Liu, Andrew B. West *	biorxiv		10.1101/2020.05.04.077065
bio_1e3cf8236f6f	T cell	CL:0000084	α-Synuclein fibrils (but not matched monomer protein) caused an increase in CD4+ T-cells recruited to the brain	Pathologic α-Synuclein Species Activate LRRK2 in Pro-Inflammatory Monocyte and Macrophage Responses	Enquan Xu, Ravindra Boddu, Hisham A. Abdelmotilib, Kaela Kelly, Arpine Sokratian, Ashley S. Harms, Aubrey M. Schonhoff, Nicole Bryant, Irene E. Harmsen, Michael G. Schlossmacher, Sidhanth Chandra, Valentina Krendelshchikova, Zhiyong Liu, Andrew B. West *	biorxiv		10.1101/2020.05.04.077065
