paper_id	species	yap_alteration	alteration_category	tissue_or_organ	phenotype	evidence_quote
bio_44a6bc0b755f	human	CFIm loss	upstream_pathway_loss	colon cancer cells (HCT116)	increased YAP/TAZ transcriptional activity and target gene expression	dTAG V -1 treatment increased the expression of all 3 genes, indicating that the YAP/TAZ transcription program was likely activated in response to CFIm loss
bio_44a6bc0b755f	human	CPSF6 knockdown	upstream_pathway_loss	breast cancer cells (MDA-MB-231)	increased YAP/TAZ transcriptional activity	the expression of CTGF and CYR61 was again increased in shCPSF6-MDA cells with low CPSF6 expression
bio_44a6bc0b755f	human	NEDD4L overexpression	overexpression	breast cancer cells (MDA-MB-231)	increased YAP/TAZ transcriptional activity	transfected wildtype MDA-MB-231 cells with an NEDD4L-expressing plasmid, which induced CTGF and CYR61 expression
bio_44a6bc0b755f	human	YAP1 S127/397A	activating_mutation	colon cancer cells (HCT116)	activation of YAP signaling and increased Trametinib resistance	Doxycycline treatment of YAP1 S127/397A HCT116 cells strongly activated CTGF expression ( Fig. S4A ) and increased Trametinib resistance
PMC5915420	mouse	TAZ overexpression	overexpression	mammary epithelial cells	increased mammary glandular size	TAZ induction in mammary epithelial cells was associated with an increase in mammary glandular size, which probably resulted from adipocyte hypertrophy.
PMC5915420	mouse	TAZ-4SA overexpression	overexpression	mammary epithelial cells	advanced mammary gland development	over-expression of TAZ in mammary epithelial cells induced advanced mammary gland development in the early puberty stage.
PMC5915420	mouse	TAZ-4SA overexpression	overexpression	mammary epithelial cells	tumor formation	TAZ activation induced massive tumor formation in response to carcinogen (DMBA) treatment.
PMC5915420	Drosophila	Yki overexpression	overexpression	fat bodies	weight gain and greater fat storage	in Drosophila the loss of function of Hpo (MST1/2) or overexpression of Yki (YAP/TAZ) in fat bodies result in weight gain and greater fat storage
PMC6147738	human	YAP1 amplification	amplification	SCC	tumor formation	The transcriptional co-activator YAP undergoes recurrent amplification in human SCC and overexpression of YAP drives SCC formation in mice.
PMC6147738	mouse	YAP overexpression	overexpression	SCC	tumor formation	The transcriptional co-activator YAP undergoes recurrent amplification in human SCC and overexpression of YAP drives SCC formation in mice.
PMC6147738	mouse	NLS-YAP-5SA	overexpression	skin epidermis	formation of SCC and spSCC	overexpression of activated YAP (NLS-YAP-5SA) with Keratin-5 (K5-CreERt) is sufficient to induce rapid formation of both SCC and spSCC in mice.
PMC12147517	mouse	YAP overexpression	overexpression	liver	hepatocellular carcinoma	YAP/TAZ activation is sufficient to lead to cancers in mice, such as hepatocellular carcinoma and cholangiocarcinoma
PMC12147517	mouse	TAZ S4A mutant protein	activating_mutation	endothelial cells	EHE-like tumors	Mice genetically engineered to express a TAZ S4A or YAP S5A mutant protein, in which all Hippo phosphorylation sites of TAZ or YAP are mutated, show a formation of EHE-like tumors
PMC12147517	mouse	YAP S5A mutant protein	activating_mutation	endothelial cells	EHE-like tumors	Mice genetically engineered to express a TAZ S4A or YAP S5A mutant protein, in which all Hippo phosphorylation sites of TAZ or YAP are mutated, show a formation of EHE-like tumors
PMC12147517	mouse	LATS1/LATS2 KO	upstream_pathway_loss	ependymoma	ependymomas	However, either loss of both LATS1 and LATS2 , leading to activation of wild-type YAP/TAZ, or expression of YAP::MAMLD1 or ZFTA::YAP is sufficient to result in ependymomas in mice
PMC7903139	mouse	Akt/NRas/pCMV (control)	overexpression	liver	hepatocarcinogenesis	To compare the functional requirements of Yap and Taz in Akt/NRas-driven hepatocarcinogenesis, we hydrodynamically injected myristoylated-protein kinase B with hemagglutinin tag (myr-Akt-HA-tagged) and NRasV12
bio_bcf0b0026e82	mouse	activated versions of the Notch receptor (NICD) and myristoylated Akt (myr-AKT)	overexpression	cholangiocarcinoma	tumor formation	HDTVI-induced CCA model utilizing a transposase-based system to express activated versions of the Notch receptor (NICD) and myristoylated Akt (myr-AKT)
PMC6662713	mouse	YAP overexpression	overexpression	NIH3T3 cells	tumorigenic transformation	overexpression of YAP in NIH3T3 cells was sufficient for inducing tumorigenic transformation of cells.
PMC6662713	mouse	YAP-S112A (mtYAP)	activating_mutation	NIH3T3 cells	tumorigenic transformation	we found that NIH3T3 cells overexpressing YAP or mtYAP showed continuous growth even after cells reached confluence
PMC6662713	mouse	Nf2 knockdown	upstream_pathway_loss	NIH3T3 cells	liberation from cell-to-cell contact inhibition and anchorage-independent growth	NIH3T3 cells deficient for Nf2 gene expression showed liberation from cell-to-cell contact inhibition and anchorage-independent growth
PMC6662713	mouse	YAP-S112A (mtYAP)	activating_mutation	mouse embryonic fibroblasts (MEFs)	tumorigenic transformation	aberrant YAP activation alone is sufficient for inducing tumorigenic transformation in these non-immortalized cells.
PMC3938155	human	YAP overexpression	overexpression	melanoma cells	increased invasiveness	Inversely, YAP overexpression increased melanoma cell invasiveness, associated with increased TEA domain–dependent transcription and CCN2/CTGF expression.
PMC3938155	human	YAP5SA	overexpression	melanoma cells	enhanced TEAD-specific transcription	Also, YAP and TAZ mutants with an exclusive nuclear localization (YAP5SA and TAZS89A) efficiently enhanced TEAD-specific transcription
PMC3938155	human	TAZS89A	overexpression	melanoma cells	enhanced TEAD-specific transcription	YAP and TAZ mutants with an exclusive nuclear localization (YAP5SA and TAZS89A) efficiently enhanced TEAD-specific transcription
PMC3938155	human	YAP overexpression	overexpression	SKmel28 melanoma cells	increased anchorage-independent growth	whereas markedly increasing SKmel28 anchorage-independent growth
PMC10800899	mouse	YAP overexpression	overexpression	dental epithelial cells	abnormalities in tooth morphology (widened dental lamina, ectopic cusp, arrested tooth crown development)	The overexpression of YAP in dental epithelial cells results in abnormalities in tooth morphology, such as widened dental lamina, mislocation of the enamel knot to the upper portion of enamel organ
PMC10800899	human	YAP overexpression	overexpression	human periodontal ligament cells (hPDLCs)	enhanced stretch-induced osteogenic differentiation	YAP overexpression enhanced the stretch-induced osteogenic differentiation of hPDLCs, whereas YAP knockdown inhibited the process.
PMC10800899	human	YAP overexpression	overexpression	human periodontal ligament stem cells (hPDLSCs)	enhanced mineralized nodule formation	The overexpression of YAP enhances the TNF-α-induced osteogenic differentiation and mineralized nodule formation in hPDLSCs
PMC3281119	Drosophila melanogaster	Yki overexpression	overexpression	eye	tissue overgrowth	When overexpressed in the developing D. melanogaster eye using GMR-Gal4, each transgene caused strong overgrowth
PMC3281119	Drosophila melanogaster	Yki overexpression	overexpression	wing	tissue overgrowth	Overexpression of UAS-Yki or UAS-Yki-ΔC increased wing size relative to the control by 16.2% and 9.9%, respectively, showing that each transgene caused tissue overgrowth
PMC3281119	human	YAP overexpression	overexpression	MCF10A cells	anchorage-independent growth	Overexpression of YAP can confer anchorage-independent growth of NIH3T3 or MCF10A cells and can stimulate growth-factor independent growth, migration and invasion of MCF10A cells
PMC3281119	mouse	YAP overexpression	overexpression	liver, gastrointestinal tract and skin	hyperplasia	In transgenic mice, YAP overexpression in liver, gastrointestinal tract and skin induces hyperplasia
PMC3281119	human	YAP-S127A	activating_mutation	MCF10A cells	increased cell migration	Cells expressing each mutant version of YAP migrated far less efficiently than cells expressing YAP-S127A, which exhibited enhanced migratory properties
bio_7694cde973e4	Zebrafish	YAP1 overexpression	overexpression	posterior lateral line primordium	enlarged primordium and more posteriorly positioned neuromasts	Similarly, yap1 overexpression leads to an enlarged primordium and more posteriorly positioned neuromasts.
bio_7694cde973e4	Zebrafish	constitutively active Yap (hsp:CA-yap1)	overexpression	posterior lateral line primordium	posterior shift in neuromast deposition	To determine whether elevated primordium Yap activity contributes to neuromast mispositioning, we overactivated Yap1 using hsp:CA- yap1 , which led to a posterior shift in neuromast deposition
bio_7694cde973e4	Zebrafish	constitutively active Yap (hsp:CA-yap1)	overexpression	neuromasts	individual neuromasts contained more cells	Additionally, upon sox2 overexpression, individual neuromasts contained more cells ( Fig. 1E ). ... Constitutive Yap activation enlarges neuromasts
bio_a48f93226e28	mouse	YAP1 overexpression	overexpression	skin	BCC tumor formation	Although YAP1 epidermal knockout leads to a reduction in tumor lesions in a mouse model of BCC 5 , a more profound effect is observed with the concomitant downregulation of both YAP1 and TAZ
